;Ημ/νία;Τελευταία;’νοιγμα;Υψηλό;Χαμηλό;Όγκος;Αλλ.%
253;18.10.2022;25,87;26,74;26,95;25,54;51130000;0,08%
252;19.10.2022;26;25,74;26,25;25,69;33880000;-1,16%
251;20.10.2022;26,08;26,15;26,95;25,94;33250000;-1,37%
250;21.10.2022;26,97;25,85;27,05;25,79;53060000;1,64%
249;24.10.2022;27,18;26,75;27,48;26,52;43830000;-2,36%
248;25.10.2022;27,41;27,18;27,56;27;32210000;-0,11%
247;26.10.2022;27,21;27,19;27,8;26,99;37150000;1,24%
246;27.10.2022;26,27;27,45;27,59;26,13;56310000;1,03%
245;28.10.2022;29,07;28,17;29,22;27,86;91700000;-0,36%
244;31.10.2022;28,43;29,08;29,18;28,05;59510000;0,84%
243;01.11.2022;28,3;28,8;28,85;27,89;44420000;-0,11%
242;02.11.2022;27,42;28,27;28,85;27,41;51960000;0,67%
241;03.11.2022;27,39;27,45;27,88;27,17;39680000;0,65%
240;04.11.2022;28,2;27,57;28,24;27,41;43050000;-0,25%
239;07.11.2022;28,41;28,36;28,47;27,89;34390000;1,05%
238;08.11.2022;28,48;28,75;28,95;27,93;36260000;1,65%
237;09.11.2022;27,52;28,22;28,3;27,52;30540000;2,31%
236;10.11.2022;29,76;28,88;29,83;28,65;62940000;-1,34%
235;11.11.2022;30,43;28,92;30,63;28,87;49830000;0,32%
234;14.11.2022;30,35;30,34;30,99;30,18;39400000;-1,36%
233;15.11.2022;30,71;31,09;31,33;30,17;40930000;-0,12%
232;16.11.2022;29,53;30,11;30,23;29,44;35580000;-4,54%
231;17.11.2022;29,89;29,07;29,95;29;31990000;-4,34%
230;18.11.2022;29,87;30,26;30,26;29,61;27120000;0,29%
229;21.11.2022;28,94;29,66;29,72;28,91;36090000;-2,04%
228;22.11.2022;29,82;29,14;29,86;29,06;25580000;-0,10%
227;23.11.2022;29,67;29,73;30,08;29,49;23140000;-0,39%
226;25.11.2022;29,34;29,68;29,68;29,33;11310000;0,70%
225;28.11.2022;28,73;29,1;29,19;28,54;28280000;1,53%
224;29.11.2022;28,9;28,85;29,18;28,74;24360000;-0,45%
223;30.11.2022;30,07;28,77;30,08;28,22;72070000;3,24%
222;01.12.2022;29,83;30,24;30,48;29,52;38900000;0,74%
221;02.12.2022;29,41;29,17;29,43;28,71;31550000;0,27%
220;05.12.2022;29,17;29,42;29,75;28,89;33870000;4,18%
219;06.12.2022;28,6;29,19;29,31;28,34;27550000;1,77%
218;07.12.2022;28,33;28,28;28,55;28,15;28070000;0,64%
217;08.12.2022;28,44;28,32;28,6;28,07;28370000;2,05%
216;09.12.2022;28,24;28,39;28,78;28,19;25640000;1,11%
215;12.12.2022;28,69;28,13;28,71;27,86;35030000;2,03%
214;13.12.2022;28,73;29,79;30,09;28,37;57780000;-4,09%
213;14.12.2022;28,26;28,51;29,12;28,01;37140000;3,31%
212;15.12.2022;27,15;27,94;28;27,12;45330000;-0,75%
211;16.12.2022;26,92;27;27,14;26,45;81100000;1,19%
210;19.12.2022;26,79;26,9;26,97;26,5;37520000;0,52%
209;20.12.2022;26,44;26,53;26,87;26,42;31770000;-2,83%
208;21.12.2022;26,83;26,59;26,97;26,58;27840000;-3,57%
207;22.12.2022;25,97;26,45;26,45;25,35;47310000;-2,55%
206;23.12.2022;26,09;25,92;26,19;25,68;23600000;2,26%
205;27.12.2022;25,94;25,84;26,1;25,65;29220000;0,61%
204;28.12.2022;25,54;25,84;26,11;25,5;25690000;1,17%
203;29.12.2022;26,21;25,77;26,29;25,75;30590000;-2,11%
202;30.12.2022;26,43;25,9;26,46;25,8;31030000;-0,60%
201;03.01.2023;26,73;27,05;27,07;26,37;30580000;0,26%
200;04.01.2023;27,68;27,41;27,92;27,16;37410000;0,77%
199;05.01.2023;27,56;27,43;27,78;27,38;32840000;1,40%
198;06.01.2023;28,73;27,93;28,83;27,38;31790000;-3,94%
197;09.01.2023;29,31;28,84;29,86;28,84;37310000;0,08%
196;10.01.2023;29,44;29,24;29,51;28,92;22980000;-2,88%
195;11.01.2023;29,85;29,68;29,88;29;30120000;6,60%
194;12.01.2023;30,29;29,98;30,38;29,47;28870000;0,55%
193;13.01.2023;30,11;29,97;30,17;29,81;31360000;0,76%
192;17.01.2023;29,6;30,18;30,26;29,52;34390000;1,40%
191;18.01.2023;28,81;29,8;29,82;28,63;44200000;-1,15%
190;19.01.2023;28,42;28,61;28,75;28,24;36750000;1,95%
189;20.01.2023;29,22;28,42;29,23;28,25;35160000;-3,16%
188;23.01.2023;30,27;29,33;30,49;29,18;38480000;-0,12%
187;24.01.2023;29,92;29,94;30,19;29,73;24680000;0,38%
186;25.01.2023;29,7;29,52;29,89;29,17;28120000;3,68%
185;26.01.2023;30,09;30,06;30,11;29,33;49330000;-2,13%
184;27.01.2023;28,16;27,07;28,24;26,78;148550000;-0,32%
183;30.01.2023;27,95;27,72;28,51;27,67;54840000;2,04%
182;31.01.2023;28,26;27,78;28,29;27,53;52620000;1,71%
181;01.02.2023;29,07;27,89;29,43;27,68;62760000;2,79%
180;02.02.2023;30,19;29,25;30,3;28,8;61690000;-0,38%
179;03.02.2023;30,32;29,62;31,17;29,53;57600000;-1,66%
178;06.02.2023;28,69;29,55;29,65;28,61;48590000;-3,30%
177;07.02.2023;29,05;28,65;29,27;28,43;50510000;0,54%
176;08.02.2023;28,24;28,95;29,12;28,21;36400000;1,61%
175;09.02.2023;27,73;28,68;28,82;27,57;43820000;-1,97%
174;10.02.2023;27,8;27,63;27,99;27,33;31230000;-1,55%
173;13.02.2023;28,55;27,87;28,55;27,72;32220000;2,28%
172;14.02.2023;28,64;28,38;28,72;27,99;27930000;1,03%
171;15.02.2023;28,85;28,36;28,88;28,16;23300000;0,89%
170;16.02.2023;28,2;28,5;28,83;28,13;28900000;-0,58%
169;17.02.2023;27,61;28;28,07;27,38;32090000;-6,00%
168;21.02.2023;26,06;27,11;27,27;26,04;63670000;-3,77%
167;22.02.2023;25,47;25,91;26,9;25,3;89200000;1,54%
166;23.02.2023;25,61;25,78;26,08;25,32;56470000;0,67%
165;24.02.2023;25,14;25,22;25,35;24,92;44090000;4,92%
164;27.02.2023;24,9;25,55;25,58;24,88;37660000;2,54%
163;28.02.2023;24,93;24,94;25,12;24,73;50260000;5,52%
162;01.03.2023;25,33;25,03;25,92;24,97;47740000;-1,51%
161;02.03.2023;26,2;25,21;26,3;25,12;48260000;1,73%
160;03.03.2023;26,4;26,2;26,48;26,01;36690000;1,03%
159;06.03.2023;25,99;26,47;26,54;25,93;37880000;3,68%
158;07.03.2023;25,53;25,84;25,99;25,5;43160000;-4,63%
157;08.03.2023;25,98;25,56;26,01;25,45;36070000;0,58%
156;09.03.2023;26,44;25,98;26,98;25,97;54820000;-0,99%
155;10.03.2023;27,22;26,55;27,52;26,32;65190000;4,83%
154;13.03.2023;26,95;26,74;27,31;26,61;50980000;3,41%
153;14.03.2023;28,01;27,35;28,1;27,25;47400000;5,84%
152;15.03.2023;28,41;27,73;28,5;27,66;48870000;-5,52%
151;16.03.2023;30,18;28,39;30,27;28,39;75410000;-1,73%
150;17.03.2023;29,81;29,92;31;29,44;80630000;-2,54%
149;20.03.2023;29,16;29,8;29,9;28,63;38700000;1,17%
148;21.03.2023;28,46;29;29,17;27,98;55300000;0,84%
147;22.03.2023;28,13;28,48;29,12;28,1;37290000;2,81%
146;23.03.2023;29,03;28,38;29,16;28,22;43680000;-1,20%
145;24.03.2023;29,36;29,04;29,81;28,92;55930000;-1,95%
144;27.03.2023;29,18;29,37;29,73;29,08;34700000;2,94%
143;28.03.2023;29,29;29,08;29,33;28,63;37350000;0,31%
142;29.03.2023;31,52;29,77;31,89;29,75;85560000;-3,70%
141;30.03.2023;32,09;31,85;32,58;31,81;69820000;-0,43%
140;31.03.2023;32,67;31,8;32,9;31,73;59720000;-2,18%
139;03.04.2023;32,89;32,94;33,56;32,54;56970000;-0,71%
138;04.04.2023;33,1;32,85;33,84;32,84;55680000;-0,80%
137;05.04.2023;32,83;32,79;32,99;32,33;39550000;1,92%
136;06.04.2023;32,81;32,6;33;32,46;28550000;2,96%
135;10.04.2023;32,52;32,6;32,76;32,2;30510000;-1,75%
134;11.04.2023;32,35;32,66;33,11;32,32;27000000;-2,45%
133;12.04.2023;32,02;32,77;32,89;31,96;37070000;4,02%
132;13.04.2023;32,13;31,82;32,43;31,65;29690000;2,79%
131;14.04.2023;31,89;32;32,24;31,69;24620000;0,59%
130;17.04.2023;32,14;31,95;32,64;31,77;29600000;-2,63%
129;18.04.2023;31,83;32,43;32,46;31,78;25580000;-2,11%
128;19.04.2023;31,15;31,1;31,52;31,08;25530000;-1,81%
127;20.04.2023;30,86;30,76;31,25;30,71;30110000;-0,93%
126;21.04.2023;30,3;30,84;30,84;30,23;28660000;-2,14%
125;24.04.2023;29,66;30,13;30,37;29,61;38590000;-0,96%
124;25.04.2023;28,88;29,44;29,57;28,87;37650000;0,78%
123;26.04.2023;29,05;29,2;29,81;28,83;40910000;-0,75%
122;27.04.2023;29,86;28,75;29,94;28,51;56020000;0,34%
121;28.04.2023;31,06;31,98;32,57;30,81;80250000;-1,02%
120;01.05.2023;30,3;31,11;31,24;30,28;36880000;-0,52%
119;02.05.2023;29,77;30,3;30,58;29,75;33460000;-0,88%
118;03.05.2023;30,65;30,64;31,11;30,25;45390000;-0,06%
117;04.05.2023;31,24;30,43;31,72;30,38;45990000;-0,82%
116;05.05.2023;30,99;31,38;31,41;30,73;35020000;0,64%
115;08.05.2023;30,77;30,7;30,84;30,39;30880000;0,67%
114;09.05.2023;30,1;30,38;30,58;29,91;30710000;1,81%
113;10.05.2023;29,97;30,29;30,4;29,49;40530000;1,81%
112;11.05.2023;28,86;29,6;29,68;28,82;47140000;7,61%
111;12.05.2023;28,95;29,02;29,1;28,72;24150000;0,38%
110;15.05.2023;29,8;28,9;29,83;28,88;28670000;-0,61%
109;16.05.2023;29,22;29,62;29,9;29,21;22810000;1,14%
108;17.05.2023;28,87;29,52;29,56;28,68;41670000;3,20%
107;18.05.2023;29,68;29;29,76;28,87;36410000;-1,16%
106;19.05.2023;29,93;29,6;30,24;29,5;40630000;-2,40%
105;22.05.2023;30,28;29,85;30,45;29,82;28010000;-2,18%
104;23.05.2023;29,51;30,05;30,19;29,49;29310000;-1,23%
103;24.05.2023;29;29,31;29,49;28,82;26580000;6,23%
102;25.05.2023;27,4;28,29;28,29;26,85;77200000;1,43%
101;26.05.2023;29;27,44;29,09;27,1;71910000;3,93%
100;30.05.2023;29,99;29,7;30,04;29;54710000;-0,99%
99;31.05.2023;31,44;29,7;32,29;29,67;135950000;2,95%
98;01.06.2023;31,13;31,8;31,94;31,02;52550000;1,77%
97;02.06.2023;31,31;31,4;31,59;30,83;36520000;1,76%
96;05.06.2023;29,86;31,31;31,4;29,83;48120000;-1,77%
95;06.06.2023;30,96;29,77;31,45;29,69;42250000;-1,55%
94;07.06.2023;31,28;31,03;31,37;30,93;39100000;0,76%
93;08.06.2023;31,82;31,43;31,85;31,06;35200000;3,43%
92;09.06.2023;31,34;31,93;31,99;30,68;40230000;1,60%
91;12.06.2023;33,07;31,4;33,3;31,36;59670000;0,12%
90;13.06.2023;33,91;33,77;33,95;33,07;51820000;-0,95%
89;14.06.2023;35,58;33,87;35,6;33,8;74050000;-1,84%
88;15.06.2023;35,82;35,28;36,42;35,22;67430000;0,55%
87;16.06.2023;36,37;36,36;36,79;35,6;110240000;-2,26%
86;20.06.2023;35;36,77;37,11;34,72;64010000;-5,61%
85;21.06.2023;32,9;34,92;35,05;32,83;70520000;-2,09%
84;22.06.2023;32,71;32,69;33,24;32,13;45020000;-2,25%
83;23.06.2023;33;32,21;33,45;32,03;46330000;0,73%
82;26.06.2023;33,34;33,19;33,99;33,1;38210000;0,32%
81;27.06.2023;34,1;33,22;34,23;33,01;32140000;2,70%
80;28.06.2023;33,57;33,61;33,81;33,03;33650000;0,25%
79;29.06.2023;32,91;33,34;33,34;32,49;37160000;-1,81%
78;30.06.2023;33,44;33,36;33,56;33,16;33810000;-2,79%
77;03.07.2023;33,62;33,6;33,88;33,14;15750000;1,25%
76;05.07.2023;32,51;33,31;33,33;32,5;37490000;-5,38%
75;06.07.2023;31,97;31,9;32,04;31,38;41630000;0,43%
74;07.07.2023;31,85;32;32,41;31,82;28360000;3,85%
73;10.07.2023;32,74;31,87;32,83;31,77;36230000;2,87%
72;11.07.2023;33,3;32,82;33,36;32,5;27610000;1,11%
71;12.07.2023;33,98;33,69;34,08;33,06;37280000;-0,75%
70;13.07.2023;33,87;34,15;34,3;33,62;32750000;-6,41%
69;14.07.2023;33,15;33,78;33,87;33;30440000;1,31%
68;17.07.2023;34,37;33,16;34,6;33,07;33630000;-0,74%
67;18.07.2023;34,5;34,28;34,7;33,83;29410000;-1,16%
66;19.07.2023;34,46;34,4;34,83;34,33;26490000;3,59%
65;20.07.2023;33,37;33,7;34,21;33,23;37880000;2,81%
64;21.07.2023;34,02;33,72;34,25;33,42;79740000;-1,35%
63;24.07.2023;33,63;33,84;34,46;33,56;25160000;-2,67%
62;25.07.2023;34,1;33,7;34,34;33,4;31770000;-1,69%
61;26.07.2023;34,36;33,72;34,53;33,7;32640000;-0,59%
60;27.07.2023;34,55;34,82;35,03;34,11;58890000;1,47%
59;28.07.2023;36,83;36,75;36,99;35,51;90860000;1,39%
58;31.07.2023;35,77;36,87;37,19;35,67;54260000;0,44%
57;01.08.2023;35,8;35,82;36,02;35,28;24560000;2,02%
56;02.08.2023;34,39;35,15;35,18;34,28;38550000;4,25%
55;03.08.2023;34,87;34,29;35,03;34,13;24740000;-0,43%
54;04.08.2023;35,14;34,48;35,56;34,48;26670000;3,55%
53;07.08.2023;35,23;35,41;35,55;34,75;22490000;1,14%
52;08.08.2023;35,02;34,67;35,1;33,86;34720000;0,84%
51;09.08.2023;34,28;35;35,1;34,23;28650000;2,62%
50;10.08.2023;34,68;34,7;35,09;34,48;29920000;-1,54%
49;11.08.2023;34,89;34,46;34,94;34,36;28780000;-0,57%
48;14.08.2023;35,68;34,67;35,71;34,47;36900000;0,46%
47;15.08.2023;34,77;35,41;35,63;34,75;27380000;-3,21%
46;16.08.2023;33,53;34,52;34,63;33,46;35470000;1,48%
45;17.08.2023;32,58;33,56;33,59;32,35;39870000;-1,31%
44;18.08.2023;32,75;32,23;32,91;32,18;23700000;-0,48%
43;21.08.2023;33,14;32,6;33,17;32,02;43320000;-0,85%
42;22.08.2023;32,89;33,22;33,8;32,83;23400000;-3,93%
41;23.08.2023;33,98;32,88;34,15;32,8;31810000;-1,64%
40;24.08.2023;32,59;33,72;34,09;32,49;37790000;0,14%
39;25.08.2023;33,25;32,53;33,4;32,35;27320000;1,59%
38;28.08.2023;33,62;33,5;33,78;33,21;22330000;-0,70%
37;29.08.2023;34,31;33,49;34,48;33,47;29850000;0,39%
36;30.08.2023;34,53;34,06;34,66;33,78;26260000;-0,94%
35;31.08.2023;35,14;34,32;35,56;34,3;47820000;-1,95%
34;01.09.2023;36,61;35,79;36,75;35,73;43810000;-0,82%
33;05.09.2023;36,71;36,58;37,41;36,46;43180000;-1,41%
32;06.09.2023;36,98;36,56;37,04;36,03;39580000;-0,80%
31;07.09.2023;38,18;36,83;38,34;36,75;66640000;4,05%
30;08.09.2023;38,01;38,12;38,83;37,71;44270000;0,61%
29;11.09.2023;38,59;38,24;38,74;37,84;35490000;-2,10%
28;12.09.2023;38,86;38,65;40,07;38,65;54650000;-1,11%
27;13.09.2023;38,71;38,8;39,15;38,25;34820000;-0,50%
26;14.09.2023;38,67;38,81;38,9;38,29;30350000;3,04%
25;15.09.2023;37,88;38,42;38,52;37,62;68880000;-3,11%
24;18.09.2023;37,99;37,62;38,39;37,51;28380000;-0,07%
23;19.09.2023;36,34;38,04;38,1;36,02;52330000;1,22%
22;20.09.2023;34,69;36,22;36,25;34,63;57510000;-3,84%
21;21.09.2023;34,65;34,57;35,25;34,46;44950000;1,19%
20;22.09.2023;34,18;34,81;34,88;34,14;29240000;-0,26%
19;25.09.2023;34,29;34;34,37;33,76;21710000;2,25%
18;26.09.2023;33,83;34,14;34,78;33,64;33920000;8,14%
17;27.09.2023;34,61;33,92;34,83;33,88;44190000;-3,37%
16;28.09.2023;35,18;34,65;35,66;34,38;32240000;0,25%
15;29.09.2023;35,55;35,65;35,91;35,15;28760000;0,74%
14;02.10.2023;35,46;35,61;35,97;34,98;26090000;2,96%
13;03.10.2023;35,69;35,26;36,54;35,26;44350000;-0,11%
12;04.10.2023;35,93;36,52;36,52;35,33;39760000;-3,11%
11;05.10.2023;35,89;35,97;36,1;35,6;25750000;-0,46%
10;06.10.2023;36,19;35,87;36,46;35,18;33260000;-2,20%
9;09.10.2023;36,06;35,7;36,17;35,5;19380000;10,66%
8;10.10.2023;36,43;36,14;36,74;35,81;23930000;-3,45%
7;11.10.2023;36,88;36,62;37,03;36,38;18740000;-0,73%
6;12.10.2023;36,84;36,8;37,22;36,39;23560000;0,85%
5;13.10.2023;35,97;36,74;36,79;35,86;28410000;0,78%
4;16.10.2023;36,56;36,14;36,94;36,08;27370000;3,41%
3;17.10.2023;36,06;35,92;36,35;35,07;24970000;0,31%
2;18.10.2023;35,64;35,52;36,02;35,45;21900000;0,50%
1;19.10.2023;35,67;35,96;36,36;35,52;28740000;-2,08%
