"Ημ/νία","Τελευταία","Άνοιγμα","Υψηλό","Χαμηλό","Όγκος","Αλλ.%"
"19.10.2023","35,67","35,96","36,36","35,52","28,74M","0,08%"
"18.10.2023","35,64","35,52","36,02","35,45","21,90M","-1,16%"
"17.10.2023","36,06","35,92","36,35","35,07","24,97M","-1,37%"
"16.10.2023","36,56","36,14","36,94","36,08","27,37M","1,64%"
"13.10.2023","35,97","36,74","36,79","35,86","28,41M","-2,36%"
"12.10.2023","36,84","36,80","37,22","36,39","23,56M","-0,11%"
"11.10.2023","36,88","36,62","37,03","36,38","18,74M","1,24%"
"10.10.2023","36,43","36,14","36,74","35,81","23,93M","1,03%"
"09.10.2023","36,06","35,70","36,17","35,50","19,38M","-0,36%"
"06.10.2023","36,19","35,87","36,46","35,18","33,26M","0,84%"
"05.10.2023","35,89","35,97","36,10","35,60","25,75M","-0,11%"
"04.10.2023","35,93","36,52","36,52","35,33","39,76M","0,67%"
"03.10.2023","35,69","35,26","36,54","35,26","44,35M","0,65%"
"02.10.2023","35,46","35,61","35,97","34,98","26,09M","-0,25%"
"29.09.2023","35,55","35,65","35,91","35,15","28,76M","1,05%"
"28.09.2023","35,18","34,65","35,66","34,38","32,24M","1,65%"
"27.09.2023","34,61","33,92","34,83","33,88","44,19M","2,31%"
"26.09.2023","33,83","34,14","34,78","33,64","33,92M","-1,34%"
"25.09.2023","34,29","34,00","34,37","33,76","21,71M","0,32%"
"22.09.2023","34,18","34,81","34,88","34,14","29,24M","-1,36%"
"21.09.2023","34,65","34,57","35,25","34,46","44,95M","-0,12%"
"20.09.2023","34,69","36,22","36,25","34,63","57,51M","-4,54%"
"19.09.2023","36,34","38,04","38,10","36,02","52,33M","-4,34%"
"18.09.2023","37,99","37,62","38,39","37,51","28,38M","0,29%"
"15.09.2023","37,88","38,42","38,52","37,62","68,88M","-2,04%"
"14.09.2023","38,67","38,81","38,90","38,29","30,35M","-0,10%"
"13.09.2023","38,71","38,80","39,15","38,25","34,82M","-0,39%"
"12.09.2023","38,86","38,65","40,07","38,65","54,65M","0,70%"
"11.09.2023","38,59","38,24","38,74","37,84","35,49M","1,53%"
"08.09.2023","38,01","38,12","38,83","37,71","44,27M","-0,45%"
"07.09.2023","38,18","36,83","38,34","36,75","66,64M","3,24%"
"06.09.2023","36,98","36,56","37,04","36,03","39,58M","0,74%"
"05.09.2023","36,71","36,58","37,41","36,46","43,18M","0,27%"
"01.09.2023","36,61","35,79","36,75","35,73","43,81M","4,18%"
"31.08.2023","35,14","34,32","35,56","34,30","47,82M","1,77%"
"30.08.2023","34,53","34,06","34,66","33,78","26,26M","0,64%"
"29.08.2023","34,31","33,49","34,48","33,47","29,85M","2,05%"
"28.08.2023","33,62","33,50","33,78","33,21","22,33M","1,11%"
"25.08.2023","33,25","32,53","33,40","32,35","27,32M","2,03%"
"24.08.2023","32,59","33,72","34,09","32,49","37,79M","-4,09%"
"23.08.2023","33,98","32,88","34,15","32,80","31,81M","3,31%"
"22.08.2023","32,89","33,22","33,80","32,83","23,40M","-0,75%"
"21.08.2023","33,14","32,60","33,17","32,02","43,32M","1,19%"
"18.08.2023","32,75","32,23","32,91","32,18","23,70M","0,52%"
"17.08.2023","32,58","33,56","33,59","32,35","39,87M","-2,83%"
"16.08.2023","33,53","34,52","34,63","33,46","35,47M","-3,57%"
"15.08.2023","34,77","35,41","35,63","34,75","27,38M","-2,55%"
"14.08.2023","35,68","34,67","35,71","34,47","36,90M","2,26%"
"11.08.2023","34,89","34,46","34,94","34,36","28,78M","0,61%"
"10.08.2023","34,68","34,70","35,09","34,48","29,92M","1,17%"
"09.08.2023","34,28","35,00","35,10","34,23","28,65M","-2,11%"
"08.08.2023","35,02","34,67","35,10","33,86","34,72M","-0,60%"
"07.08.2023","35,23","35,41","35,55","34,75","22,49M","0,26%"
"04.08.2023","35,14","34,48","35,56","34,48","26,67M","0,77%"
"03.08.2023","34,87","34,29","35,03","34,13","24,74M","1,40%"
"02.08.2023","34,39","35,15","35,18","34,28","38,55M","-3,94%"
"01.08.2023","35,80","35,82","36,02","35,28","24,56M","0,08%"
"31.07.2023","35,77","36,87","37,19","35,67","54,26M","-2,88%"
"28.07.2023","36,83","36,75","36,99","35,51","90,86M","6,60%"
"27.07.2023","34,55","34,82","35,03","34,11","58,89M","0,55%"
"26.07.2023","34,36","33,72","34,53","33,70","32,64M","0,76%"
"25.07.2023","34,10","33,70","34,34","33,40","31,77M","1,40%"
"24.07.2023","33,63","33,84","34,46","33,56","25,16M","-1,15%"
"21.07.2023","34,02","33,72","34,25","33,42","79,74M","1,95%"
"20.07.2023","33,37","33,70","34,21","33,23","37,88M","-3,16%"
"19.07.2023","34,46","34,40","34,83","34,33","26,49M","-0,12%"
"18.07.2023","34,50","34,28","34,70","33,83","29,41M","0,38%"
"17.07.2023","34,37","33,16","34,60","33,07","33,63M","3,68%"
"14.07.2023","33,15","33,78","33,87","33,00","30,44M","-2,13%"
"13.07.2023","33,87","34,15","34,30","33,62","32,75M","-0,32%"
"12.07.2023","33,98","33,69","34,08","33,06","37,28M","2,04%"
"11.07.2023","33,30","32,82","33,36","32,50","27,61M","1,71%"
"10.07.2023","32,74","31,87","32,83","31,77","36,23M","2,79%"
"07.07.2023","31,85","32,00","32,41","31,82","28,36M","-0,38%"
"06.07.2023","31,97","31,90","32,04","31,38","41,63M","-1,66%"
"05.07.2023","32,51","33,31","33,33","32,50","37,49M","-3,30%"
"03.07.2023","33,62","33,60","33,88","33,14","15,75M","0,54%"
"30.06.2023","33,44","33,36","33,56","33,16","33,81M","1,61%"
"29.06.2023","32,91","33,34","33,34","32,49","37,16M","-1,97%"
"28.06.2023","33,57","33,61","33,81","33,03","33,65M","-1,55%"
"27.06.2023","34,10","33,22","34,23","33,01","32,14M","2,28%"
"26.06.2023","33,34","33,19","33,99","33,10","38,21M","1,03%"
"23.06.2023","33,00","32,21","33,45","32,03","46,33M","0,89%"
"22.06.2023","32,71","32,69","33,24","32,13","45,02M","-0,58%"
"21.06.2023","32,90","34,92","35,05","32,83","70,52M","-6,00%"
"20.06.2023","35,00","36,77","37,11","34,72","64,01M","-3,77%"
"16.06.2023","36,37","36,36","36,79","35,60","110,24M","1,54%"
"15.06.2023","35,82","35,28","36,42","35,22","67,43M","0,67%"
"14.06.2023","35,58","33,87","35,60","33,80","74,05M","4,92%"
"13.06.2023","33,91","33,77","33,95","33,07","51,82M","2,54%"
"12.06.2023","33,07","31,40","33,30","31,36","59,67M","5,52%"
"09.06.2023","31,34","31,93","31,99","30,68","40,23M","-1,51%"
"08.06.2023","31,82","31,43","31,85","31,06","35,20M","1,73%"
"07.06.2023","31,28","31,03","31,37","30,93","39,10M","1,03%"
"06.06.2023","30,96","29,77","31,45","29,69","42,25M","3,68%"
"05.06.2023","29,86","31,31","31,40","29,83","48,12M","-4,63%"
"02.06.2023","31,31","31,40","31,59","30,83","36,52M","0,58%"
"01.06.2023","31,13","31,80","31,94","31,02","52,55M","-0,99%"
"31.05.2023","31,44","29,70","32,29","29,67","135,95M","4,83%"
"30.05.2023","29,99","29,70","30,04","29,00","54,71M","3,41%"
"26.05.2023","29,00","27,44","29,09","27,10","71,91M","5,84%"
"25.05.2023","27,40","28,29","28,29","26,85","77,20M","-5,52%"
"24.05.2023","29,00","29,31","29,49","28,82","26,58M","-1,73%"
"23.05.2023","29,51","30,05","30,19","29,49","29,31M","-2,54%"
"22.05.2023","30,28","29,85","30,45","29,82","28,01M","1,17%"
"19.05.2023","29,93","29,60","30,24","29,50","40,63M","0,84%"
"18.05.2023","29,68","29,00","29,76","28,87","36,41M","2,81%"
"17.05.2023","28,87","29,52","29,56","28,68","41,67M","-1,20%"
"16.05.2023","29,22","29,62","29,90","29,21","22,81M","-1,95%"
"15.05.2023","29,80","28,90","29,83","28,88","28,67M","2,94%"
"12.05.2023","28,95","29,02","29,10","28,72","24,15M","0,31%"
"11.05.2023","28,86","29,60","29,68","28,82","47,14M","-3,70%"
"10.05.2023","29,97","30,29","30,40","29,49","40,53M","-0,43%"
"09.05.2023","30,10","30,38","30,58","29,91","30,71M","-2,18%"
"08.05.2023","30,77","30,70","30,84","30,39","30,88M","-0,71%"
"05.05.2023","30,99","31,38","31,41","30,73","35,02M","-0,80%"
"04.05.2023","31,24","30,43","31,72","30,38","45,99M","1,92%"
"03.05.2023","30,65","30,64","31,11","30,25","45,39M","2,96%"
"02.05.2023","29,77","30,30","30,58","29,75","33,46M","-1,75%"
"01.05.2023","30,30","31,11","31,24","30,28","36,88M","-2,45%"
"28.04.2023","31,06","31,98","32,57","30,81","80,25M","4,02%"
"27.04.2023","29,86","28,75","29,94","28,51","56,02M","2,79%"
"26.04.2023","29,05","29,20","29,81","28,83","40,91M","0,59%"
"25.04.2023","28,88","29,44","29,57","28,87","37,65M","-2,63%"
"24.04.2023","29,66","30,13","30,37","29,61","38,59M","-2,11%"
"21.04.2023","30,30","30,84","30,84","30,23","28,66M","-1,81%"
"20.04.2023","30,86","30,76","31,25","30,71","30,11M","-0,93%"
"19.04.2023","31,15","31,10","31,52","31,08","25,53M","-2,14%"
"18.04.2023","31,83","32,43","32,46","31,78","25,58M","-0,96%"
"17.04.2023","32,14","31,95","32,64","31,77","29,60M","0,78%"
"14.04.2023","31,89","32,00","32,24","31,69","24,62M","-0,75%"
"13.04.2023","32,13","31,82","32,43","31,65","29,69M","0,34%"
"12.04.2023","32,02","32,77","32,89","31,96","37,07M","-1,02%"
"11.04.2023","32,35","32,66","33,11","32,32","27,00M","-0,52%"
"10.04.2023","32,52","32,60","32,76","32,20","30,51M","-0,88%"
"06.04.2023","32,81","32,60","33,00","32,46","28,55M","-0,06%"
"05.04.2023","32,83","32,79","32,99","32,33","39,55M","-0,82%"
"04.04.2023","33,10","32,85","33,84","32,84","55,68M","0,64%"
"03.04.2023","32,89","32,94","33,56","32,54","56,97M","0,67%"
"31.03.2023","32,67","31,80","32,90","31,73","59,72M","1,81%"
"30.03.2023","32,09","31,85","32,58","31,81","69,82M","1,81%"
"29.03.2023","31,52","29,77","31,89","29,75","85,56M","7,61%"
"28.03.2023","29,29","29,08","29,33","28,63","37,35M","0,38%"
"27.03.2023","29,18","29,37","29,73","29,08","34,70M","-0,61%"
"24.03.2023","29,36","29,04","29,81","28,92","55,93M","1,14%"
"23.03.2023","29,03","28,38","29,16","28,22","43,68M","3,20%"
"22.03.2023","28,13","28,48","29,12","28,10","37,29M","-1,16%"
"21.03.2023","28,46","29,00","29,17","27,98","55,30M","-2,40%"
"20.03.2023","29,16","29,80","29,90","28,63","38,70M","-2,18%"
"17.03.2023","29,81","29,92","31,00","29,44","80,63M","-1,23%"
"16.03.2023","30,18","28,39","30,27","28,39","75,41M","6,23%"
"15.03.2023","28,41","27,73","28,50","27,66","48,87M","1,43%"
"14.03.2023","28,01","27,35","28,10","27,25","47,40M","3,93%"
"13.03.2023","26,95","26,74","27,31","26,61","50,98M","-0,99%"
"10.03.2023","27,22","26,55","27,52","26,32","65,19M","2,95%"
"09.03.2023","26,44","25,98","26,98","25,97","54,82M","1,77%"
"08.03.2023","25,98","25,56","26,01","25,45","36,07M","1,76%"
"07.03.2023","25,53","25,84","25,99","25,50","43,16M","-1,77%"
"06.03.2023","25,99","26,47","26,54","25,93","37,88M","-1,55%"
"03.03.2023","26,40","26,20","26,48","26,01","36,69M","0,76%"
"02.03.2023","26,20","25,21","26,30","25,12","48,26M","3,43%"
"01.03.2023","25,33","25,03","25,92","24,97","47,74M","1,60%"
"28.02.2023","24,93","24,94","25,12","24,73","50,26M","0,12%"
"27.02.2023","24,90","25,55","25,58","24,88","37,66M","-0,95%"
"24.02.2023","25,14","25,22","25,35","24,92","44,09M","-1,84%"
"23.02.2023","25,61","25,78","26,08","25,32","56,47M","0,55%"
"22.02.2023","25,47","25,91","26,90","25,30","89,20M","-2,26%"
"21.02.2023","26,06","27,11","27,27","26,04","63,67M","-5,61%"
"17.02.2023","27,61","28,00","28,07","27,38","32,09M","-2,09%"
"16.02.2023","28,20","28,50","28,83","28,13","28,90M","-2,25%"
"15.02.2023","28,85","28,36","28,88","28,16","23,30M","0,73%"
"14.02.2023","28,64","28,38","28,72","27,99","27,93M","0,32%"
"13.02.2023","28,55","27,87","28,55","27,72","32,22M","2,70%"
"10.02.2023","27,80","27,63","27,99","27,33","31,23M","0,25%"
"09.02.2023","27,73","28,68","28,82","27,57","43,82M","-1,81%"
"08.02.2023","28,24","28,95","29,12","28,21","36,40M","-2,79%"
"07.02.2023","29,05","28,65","29,27","28,43","50,51M","1,25%"
"06.02.2023","28,69","29,55","29,65","28,61","48,59M","-5,38%"
"03.02.2023","30,32","29,62","31,17","29,53","57,60M","0,43%"
"02.02.2023","30,19","29,25","30,30","28,80","61,69M","3,85%"
"01.02.2023","29,07","27,89","29,43","27,68","62,76M","2,87%"
"31.01.2023","28,26","27,78","28,29","27,53","52,62M","1,11%"
"30.01.2023","27,95","27,72","28,51","27,67","54,84M","-0,75%"
"27.01.2023","28,16","27,07","28,24","26,78","148,55M","-6,41%"
"26.01.2023","30,09","30,06","30,11","29,33","49,33M","1,31%"
"25.01.2023","29,70","29,52","29,89","29,17","28,12M","-0,74%"
"24.01.2023","29,92","29,94","30,19","29,73","24,68M","-1,16%"
"23.01.2023","30,27","29,33","30,49","29,18","38,48M","3,59%"
"20.01.2023","29,22","28,42","29,23","28,25","35,16M","2,81%"
"19.01.2023","28,42","28,61","28,75","28,24","36,75M","-1,35%"
"18.01.2023","28,81","29,80","29,82","28,63","44,20M","-2,67%"
"17.01.2023","29,60","30,18","30,26","29,52","34,39M","-1,69%"
"13.01.2023","30,11","29,97","30,17","29,81","31,36M","-0,59%"
"12.01.2023","30,29","29,98","30,38","29,47","28,87M","1,47%"
"11.01.2023","29,85","29,68","29,88","29,00","30,12M","1,39%"
"10.01.2023","29,44","29,24","29,51","28,92","22,98M","0,44%"
"09.01.2023","29,31","28,84","29,86","28,84","37,31M","2,02%"
"06.01.2023","28,73","27,93","28,83","27,38","31,79M","4,25%"
"05.01.2023","27,56","27,43","27,78","27,38","32,84M","-0,43%"
"04.01.2023","27,68","27,41","27,92","27,16","37,41M","3,55%"
"03.01.2023","26,73","27,05","27,07","26,37","30,58M","1,14%"
"30.12.2022","26,43","25,90","26,46","25,80","31,03M","0,84%"
"29.12.2022","26,21","25,77","26,29","25,75","30,59M","2,62%"
"28.12.2022","25,54","25,84","26,11","25,50","25,69M","-1,54%"
"27.12.2022","25,94","25,84","26,10","25,65","29,22M","-0,57%"
"23.12.2022","26,09","25,92","26,19","25,68","23,60M","0,46%"
"22.12.2022","25,97","26,45","26,45","25,35","47,31M","-3,21%"
"21.12.2022","26,83","26,59","26,97","26,58","27,84M","1,48%"
"20.12.2022","26,44","26,53","26,87","26,42","31,77M","-1,31%"
"19.12.2022","26,79","26,90","26,97","26,50","37,52M","-0,48%"
"16.12.2022","26,92","27,00","27,14","26,45","81,10M","-0,85%"
"15.12.2022","27,15","27,94","28,00","27,12","45,33M","-3,93%"
"14.12.2022","28,26","28,51","29,12","28,01","37,14M","-1,64%"
"13.12.2022","28,73","29,79","30,09","28,37","57,78M","0,14%"
"12.12.2022","28,69","28,13","28,71","27,86","35,03M","1,59%"
"09.12.2022","28,24","28,39","28,78","28,19","25,64M","-0,70%"
"08.12.2022","28,44","28,32","28,60","28,07","28,37M","0,39%"
"07.12.2022","28,33","28,28","28,55","28,15","28,07M","-0,94%"
"06.12.2022","28,60","29,19","29,31","28,34","27,55M","-1,95%"
"05.12.2022","29,17","29,42","29,75","28,89","33,87M","-0,82%"
"02.12.2022","29,41","29,17","29,43","28,71","31,55M","-1,41%"
"01.12.2022","29,83","30,24","30,48","29,52","38,90M","-0,80%"
"30.11.2022","30,07","28,77","30,08","28,22","72,07M","4,05%"
"29.11.2022","28,90","28,85","29,18","28,74","24,36M","0,61%"
"28.11.2022","28,73","29,10","29,19","28,54","28,28M","-2,10%"
"25.11.2022","29,34","29,68","29,68","29,33","11,31M","-1,11%"
"23.11.2022","29,67","29,73","30,08","29,49","23,14M","-0,50%"
"22.11.2022","29,82","29,14","29,86","29,06","25,58M","3,04%"
"21.11.2022","28,94","29,66","29,72","28,91","36,09M","-3,11%"
"18.11.2022","29,87","30,26","30,26","29,61","27,12M","-0,07%"
"17.11.2022","29,89","29,07","29,95","29,00","31,99M","1,22%"
"16.11.2022","29,53","30,11","30,23","29,44","35,58M","-3,84%"
"15.11.2022","30,71","31,09","31,33","30,17","40,93M","1,19%"
"14.11.2022","30,35","30,34","30,99","30,18","39,40M","-0,26%"
"11.11.2022","30,43","28,92","30,63","28,87","49,83M","2,25%"
"10.11.2022","29,76","28,88","29,83","28,65","62,94M","8,14%"
"09.11.2022","27,52","28,22","28,30","27,52","30,54M","-3,37%"
"08.11.2022","28,48","28,75","28,95","27,93","36,26M","0,25%"
"07.11.2022","28,41","28,36","28,47","27,89","34,39M","0,74%"
"04.11.2022","28,20","27,57","28,24","27,41","43,05M","2,96%"
"03.11.2022","27,39","27,45","27,88","27,17","39,68M","-0,11%"
"02.11.2022","27,42","28,27","28,85","27,41","51,96M","-3,11%"
"01.11.2022","28,30","28,80","28,85","27,89","44,42M","-0,46%"
"31.10.2022","28,43","29,08","29,18","28,05","59,51M","-2,20%"
"28.10.2022","29,07","28,17","29,22","27,86","91,70M","10,66%"
"27.10.2022","26,27","27,45","27,59","26,13","56,31M","-3,45%"
"26.10.2022","27,21","27,19","27,80","26,99","37,15M","-0,73%"
"25.10.2022","27,41","27,18","27,56","27,00","32,21M","0,85%"
"24.10.2022","27,18","26,75","27,48","26,52","43,83M","0,78%"
"21.10.2022","26,97","25,85","27,05","25,79","53,06M","3,41%"
"20.10.2022","26,08","26,15","26,95","25,94","33,25M","0,31%"
"19.10.2022","26,00","25,74","26,25","25,69","33,88M","0,50%"
"18.10.2022","25,87","26,74","26,95","25,54","51,13M","-2,08%"