	Ημ/νία	Τελευταία	’νοιγμα	Υψηλό	Χαμηλό	Όγκος	Αλλ.%
260	18.10.2022	88,6	90,53	91,22	87,52	247360	0,96%
259	19.10.2022	90,56	89,31	90,95	87,9	260250	1,78%
258	20.10.2022	90,45	90,47	92,66	90,01	211690	0,28%
257	21.10.2022	91,34	90,48	91,72	89,17	181510	-1,36%
256	24.10.2022	91,21	91,23	92,3	89,01	178750	5,69%
255	25.10.2022	91,74	91,4	92,48	89,75	222200	0,21%
254	26.10.2022	95,69	92,91	96,25	92,06	138000	-2,09%
253	27.10.2022	96,96	96,05	97,27	95,07	84570	-0,57%
252	28.10.2022	95,77	96,58	96,89	94,96	89940	4,22%
251	31.10.2022	94,83	96,47	96,47	94,25	15000	0,61%
250	01.11.2022	94,65	92,67	95,55	92,33	247650	-2,03%
249	02.11.2022	96,16	94,85	96,5	94,01	253000	-5,62%
248	03.11.2022	94,67	95,36	95,98	94,19	229120	0,23%
247	04.11.2022	98,57	94,58	98,81	94,33	307090	-4,83%
246	07.11.2022	97,92	97,31	99,56	96,5	241940	-0,07%
245	08.11.2022	95,36	98,24	98,3	95	251670	-1,21%
244	09.11.2022	92,65	95,17	95,65	92,33	308020	2,76%
243	10.11.2022	93,67	92,53	94,32	91,73	278530	0,72%
242	11.11.2022	95,99	93,84	96,92	93,69	238070	0,02%
241	14.11.2022	93,14	95,87	96,95	92,5	248250	-0,03%
240	15.11.2022	93,86	92,59	95,77	91,53	317500	-0,25%
239	16.11.2022	92,86	94,11	94,79	91,67	257620	-0,86%
238	17.11.2022	89,78	92,73	92,91	89,53	313530	-0,10%
237	18.11.2022	87,62	90,1	90,63	85,8	379660	0,53%
236	21.11.2022	87,45	87,74	87,98	82,31	354600	0,25%
235	22.11.2022	88,36	87,76	89,9	87,35	190850	1,98%
234	23.11.2022	85,41	88,47	89,56	84,12	212140	-0,20%
233	24.11.2022	85,34	85,04	85,54	83,9	75610	1,57%
232	25.11.2022	83,63	85,5	86,87	83,59	85310	-0,01%
231	28.11.2022	83,19	83,58	84,1	80,61	102560	0,81%
230	29.11.2022	83,03	82,41	86	82,39	67930	-0,75%
229	30.11.2022	85,43	83,77	85,67	83,61	9050	0,62%
228	01.12.2022	86,88	86,78	89,37	86,26	229130	1,17%
227	02.12.2022	85,55	86,69	87,68	85,17	141360	0,51%
226	05.12.2022	82,66	85,7	88,2	82,53	193040	1,95%
225	06.12.2022	79,67	83,19	83,69	79,05	225870	1,16%
224	07.12.2022	77,59	80,07	80,79	77,32	207040	0,43%
223	08.12.2022	76,59	77,9	79,49	76,19	209680	1,27%
222	09.12.2022	76,6	77,15	77,81	75,64	157000	-0,07%
221	12.12.2022	78,34	77,34	78,89	75,67	158370	1,34%
220	13.12.2022	80,86	78,53	81,34	78,41	201460	0,18%
219	14.12.2022	82,75	80,53	83,22	80,31	178260	-0,98%
218	15.12.2022	81,32	82,84	83,18	80,92	162080	-0,51%
217	16.12.2022	79,49	81,44	81,87	78,76	236090	-0,40%
216	19.12.2022	80,14	79,49	81,19	79,02	164920	0,81%
215	20.12.2022	80,53	80,6	81,19	79	184120	0,80%
214	21.12.2022	82,58	80,53	82,92	80,06	178090	-1,70%
213	22.12.2022	81,67	82,93	84,21	81,35	211180	-1,53%
212	23.12.2022	84,5	82,32	84,7	81,83	180400	-0,69%
211	27.12.2022	84,68	85	86,1	84,19	160090	0,47%
210	28.12.2022	83,26	84,6	84,76	81,92	57560	-1,31%
209	29.12.2022	82,26	82,88	83,14	81,28	10990	1,60%
208	30.12.2022	85,91	83,71	86	82,88	168650	0,97%
207	03.01.2023	82,1	85,96	87	81,78	302860	-1,04%
206	04.01.2023	77,84	82,31	82,72	77,72	319310	1,29%
205	05.01.2023	78,69	78,16	79,97	77,61	259580	2,33%
204	06.01.2023	78,57	78,8	80,59	78,05	215420	-2,01%
203	09.01.2023	79,65	78,42	81,37	78,42	245120	-0,76%
202	10.01.2023	80,1	79,54	80,89	78,81	244350	0,67%
201	11.01.2023	82,67	79,52	83	79,31	273790	0,89%
200	12.01.2023	84,03	82,88	84,62	82,37	264070	1,59%
199	13.01.2023	85,28	83,91	85,5	83,5	217400	-0,86%
198	16.01.2023	84,46	85,36	85,59	83,83	125960	1,09%
197	17.01.2023	85,92	84,2	86,82	84,04	238300	2,06%
196	18.01.2023	84,98	86,45	87,85	84,36	288150	1,80%
195	19.01.2023	86,16	84,34	86,85	83,76	250960	0,23%
194	20.01.2023	87,63	86,42	87,79	85,58	212920	-0,21%
193	23.01.2023	88,19	87,7	89,09	86,92	192410	1,44%
192	24.01.2023	86,13	88,07	88,71	85,8	207750	-1,72%
191	25.01.2023	86,12	86,28	87	85,41	159470	-1,83%
190	26.01.2023	87,47	86,35	88,01	85,74	139100	1,56%
189	27.01.2023	86,66	87,65	88,95	85,69	107080	0,89%
188	30.01.2023	84,9	86,88	87,48	84,66	65550	2,20%
187	31.01.2023	84,49	85,18	85,25	83,73	11890	-0,99%
186	01.02.2023	82,84	85,56	86,21	82,37	348660	2,55%
185	02.02.2023	82,17	83,34	83,61	81,25	287090	-0,17%
184	03.02.2023	79,94	82,27	84,2	79,62	330320	0,52%
183	06.02.2023	80,99	79,61	81,43	79,1	325210	2,14%
182	07.02.2023	83,69	81,26	84,13	81,19	290980	-0,33%
181	08.02.2023	85,09	84,11	85,15	83,51	254140	0,75%
180	09.02.2023	84,5	84,96	85,5	83,05	260730	0,42%
179	10.02.2023	86,39	84,22	86,9	83,93	297340	2,45%
178	13.02.2023	86,61	86,51	86,95	85,1	207620	-2,59%
177	14.02.2023	85,58	85,83	86,42	84,13	231630	0,45%
176	15.02.2023	85,38	85,2	85,85	83,88	245980	-0,39%
175	16.02.2023	85,14	85,27	86,21	84,6	197020	-3,86%
174	17.02.2023	83	84,6	84,87	81,8	303660	1,61%
173	20.02.2023	84,07	83,15	84,3	82,73	143850	-0,25%
172	21.02.2023	83,05	83,86	84,2	82,56	231630	-0,68%
171	22.02.2023	80,45	82,5	82,96	80,3	297260	1,24%
170	23.02.2023	81,95	80,31	82,46	80,25	293330	3,37%
169	24.02.2023	82,82	82,33	83,09	80,75	289760	-1,47%
168	27.02.2023	82,45	83,19	83,6	81,73	58850	3,41%
167	28.02.2023	83,89	82,3	84,15	82,19	12300	-3,94%
166	01.03.2023	84,31	83,05	84,49	82,61	242660	-1,54%
165	02.03.2023	84,75	84,31	85,1	83,83	214220	-1,29%
164	03.03.2023	85,83	84,61	86	82,36	312900	0,87%
163	06.03.2023	86,18	85,83	86,35	84,34	244340	-0,55%
162	07.03.2023	83,29	86,23	86,75	82,83	295190	0,76%
161	08.03.2023	82,66	83,03	83,59	82,06	297090	2,49%
160	09.03.2023	81,59	82,55	84	81,42	282560	2,23%
159	10.03.2023	82,78	81,47	83,11	80,73	369280	-1,20%
158	13.03.2023	80,77	82,6	83,48	78,34	467280	-4,58%
157	14.03.2023	77,45	80,54	80,92	76,89	357860	0,16%
156	15.03.2023	73,28	77,3	78,26	71,3	576460	0,90%
155	16.03.2023	74,29	73,85	75,12	71,49	306200	-2,68%
154	17.03.2023	72,77	74,3	75,59	71,38	477370	1,98%
153	20.03.2023	73,54	72,97	73,65	70,06	348710	1,12%
152	21.03.2023	75,03	73,44	75,12	72,62	297900	0,54%
151	22.03.2023	76,38	74,9	76,79	74,26	244690	-0,37%
150	23.03.2023	75,91	75,87	77,44	75,12	199640	-1,43%
149	24.03.2023	74,99	75,53	76,32	72,68	156310	2,74%
148	27.03.2023	78,12	75	78,42	74,8	146950	-0,43%
147	28.03.2023	78,65	78,23	79,2	77,54	145680	1,43%
146	29.03.2023	78,28	78,97	79,68	77,94	79540	-1,08%
145	30.03.2023	79,27	78,23	79,55	77,86	62920	-1,87%
144	31.03.2023	79,77	79,19	79,8	78,54	6850	-1,33%
143	03.04.2023	84,93	86	86,44	83,5	478310	0,56%
142	04.04.2023	84,94	84,89	86,04	83,82	308530	2,27%
141	05.04.2023	84,99	85,22	85,54	84,01	246480	3,86%
140	06.04.2023	85,12	84,89	85,45	84,05	259620	0,24%
139	10.04.2023	84,18	85,1	85,66	84,09	140530	-3,97%
138	11.04.2023	85,61	84,24	85,67	83,75	262670	-5,03%
137	12.04.2023	87,33	85,59	87,49	85,39	347800	-0,29%
136	13.04.2023	86,09	87,19	87,47	86,05	291940	1,49%
135	14.04.2023	86,31	86,18	86,87	85,53	262580	0,88%
134	17.04.2023	84,76	86,43	86,52	84,34	261810	-3,81%
133	18.04.2023	84,77	84,74	85,41	83,81	315700	-2,37%
132	19.04.2023	83,12	84,9	85,15	82,39	333220	1,31%
131	20.04.2023	81,1	82,75	82,92	80,77	302900	0,69%
130	21.04.2023	81,66	80,79	82,05	80,45	196850	-2,43%
129	24.04.2023	82,73	81,87	82,99	80,48	197900	-1,95%
128	25.04.2023	80,77	82,59	83,06	80,35	209280	0,01%
127	26.04.2023	77,69	80,92	81,47	77,46	172820	-1,80%
126	27.04.2023	78,37	77,77	78,61	77,39	104390	0,26%
125	28.04.2023	79,54	78,25	79,61	77,69	13300	-1,42%
124	01.05.2023	79,31	80,11	80,24	78,13	146560	2,01%
123	02.05.2023	75,32	79,28	79,78	75,07	383590	1,70%
122	03.05.2023	72,33	75,31	75,58	71,7	469620	-1,10%
121	04.05.2023	72,5	71,28	73,72	71,28	362230	0,15%
120	05.05.2023	75,3	72,69	75,75	72,41	265070	0,06%
119	08.05.2023	77,01	75,23	77,43	74,95	185750	0,01%
118	09.05.2023	77,44	76,71	77,5	75,07	283410	6,47%
117	10.05.2023	76,41	77,36	77,6	75,68	311370	0,63%
116	11.05.2023	74,98	76,62	77,41	74,61	345160	1,26%
115	12.05.2023	74,17	75,35	75,85	74,03	259220	-0,47%
114	15.05.2023	75,23	74,15	75,75	73,49	240520	0,68%
113	16.05.2023	74,91	75,55	75,95	74,5	216200	4,17%
112	17.05.2023	76,96	74,67	77,31	74,1	297060	-1,21%
111	18.05.2023	75,86	76,78	76,99	75,5	232000	-0,62%
110	19.05.2023	75,58	76,03	77,5	75,12	240530	1,80%
109	22.05.2023	75,99	75,63	76,46	74,55	241960	2,03%
108	23.05.2023	76,84	76,15	77,74	75,65	287230	1,06%
107	24.05.2023	78,36	77,7	78,66	77,03	285990	-2,05%
106	25.05.2023	76,26	78,22	78,5	75,1	237720	1,38%
105	26.05.2023	76,95	76,09	77,35	75,73	150620	-5,38%
104	29.05.2023	77,07	77,39	77,75	76,15	31550	-4,11%
103	30.05.2023	73,54	76,98	77,57	73,2	112180	-2,43%
102	31.05.2023	72,66	73,6	73,81	71,39	20110	1,46%
101	01.06.2023	74,28	72,15	75,25	72,03	349920	-1,29%
100	02.06.2023	76,13	74,28	76,5	74,18	273540	-0,76%
99	05.06.2023	76,71	77,68	78,73	76,31	384000	-3,35%
98	06.06.2023	76,29	76,55	76,75	74,72	304580	0,41%
97	07.06.2023	76,95	76,22	77,64	75,51	325630	1,27%
96	08.06.2023	75,96	76,8	77,68	73,58	393890	0,52%
95	09.06.2023	74,79	75,53	76,57	74,71	260200	0,50%
94	12.06.2023	71,84	74,87	74,87	71,58	358500	1,75%
93	13.06.2023	74,29	72,11	74,66	71,94	321150	-0,45%
92	14.06.2023	73,2	74,05	75,49	73,03	318370	1,06%
91	15.06.2023	75,67	73,41	75,97	72,91	260410	1,86%
90	16.06.2023	76,61	75,64	76,74	75,08	256250	-3,13%
89	19.06.2023	76,09	76,4	76,93	75,34	141420	-1,21%
88	20.06.2023	75,9	76,12	77,15	74,51	276380	1,29%
87	21.06.2023	77,12	75,54	77,24	75,52	236550	-2,51%
86	22.06.2023	74,14	77,03	77,2	73,59	329530	-0,28%
85	23.06.2023	73,85	74,02	74,44	72,11	169540	-0,23%
84	26.06.2023	74,18	74,5	74,85	73,42	150170	-1,19%
83	27.06.2023	72,26	74,28	74,9	72,08	161150	0,25%
82	28.06.2023	74,03	72,62	74,2	71,57	91450	2,24%
81	29.06.2023	74,34	73,72	74,98	73,39	72870	-0,69%
80	30.06.2023	74,9	74,22	75,4	74,21	14700	1,67%
79	03.07.2023	74,65	75,11	76,6	74,56	328000	3,33%
78	04.07.2023	76,25	74,89	76,29	74,74	157960	1,31%
77	05.07.2023	76,65	76,03	76,95	75,3	293740	-2,71%
76	06.07.2023	76,52	76,7	77,09	75,03	430	-0,81%
75	07.07.2023	78,47	76,52	78,54	76,03	331530	-1,95%
74	10.07.2023	77,69	78,6	78,77	77,36	288400	-0,48%
73	11.07.2023	79,4	77,82	79,5	77,63	333840	-2,03%
72	12.07.2023	80,11	79,32	80,55	79,21	362330	-0,93%
71	13.07.2023	81,36	80,19	81,75	79,88	416120	1,57%
70	14.07.2023	79,87	81,64	81,7	79,53	311230	-0,01%
69	17.07.2023	78,5	79,36	80,64	78,25	341160	-2,34%
68	18.07.2023	79,63	78,52	79,99	78,19	366470	0,64%
67	19.07.2023	79,46	79,84	80,93	79,17	311440	1,71%
66	20.07.2023	79,64	79,33	80,27	78,66	236410	1,39%
65	21.07.2023	81,07	79,78	81,24	79,65	294350	-1,09%
64	24.07.2023	82,74	80,95	83,16	80,42	295100	1,73%
63	25.07.2023	83,64	82,85	83,87	82,22	234660	-0,96%
62	26.07.2023	82,92	83,19	83,85	82,58	173820	1,49%
61	27.07.2023	84,24	82,93	84,5	82,93	110650	1,65%
60	28.07.2023	84,99	83,71	85,09	83,22	102840	3,21%
59	31.07.2023	85,56	84,95	85,8	84,4	16530	0,56%
58	01.08.2023	84,91	85,24	85,91	84,21	297770	1,37%
57	02.08.2023	83,2	85,86	85,99	82,74	399190	-0,15%
56	03.08.2023	85,14	83,46	85,41	82,36	392610	1,09%
55	04.08.2023	86,24	85,31	86,65	85,06	268750	-5,19%
54	07.08.2023	85,34	86,23	86,73	85,03	259620	-4,43%
53	08.08.2023	86,17	85,79	86,34	83,32	375870	4,44%
52	09.08.2023	87,55	86	87,65	85,91	388300	-1,20%
51	10.08.2023	86,4	87,39	88,1	86,2	337570	-1,68%
50	11.08.2023	86,81	86,37	87,35	85,84	318060	0,21%
49	14.08.2023	86,21	86,53	86,71	85,5	267090	3,47%
48	15.08.2023	84,89	86,12	86,68	84,29	305410	-1,10%
47	16.08.2023	83,45	85,2	85,36	83,13	334450	2,55%
46	17.08.2023	84,12	83,2	84,88	83,05	305580	0,49%
45	18.08.2023	84,8	83,88	85,08	83,33	287970	0,82%
44	21.08.2023	84,46	84,8	85,86	84,31	289240	-2,25%
43	22.08.2023	84,03	84,46	84,66	83,85	287350	-1,73%
42	23.08.2023	83,21	83,99	84,26	81,94	361610	2,34%
41	24.08.2023	83,36	82,95	83,62	81,97	253840	3,22%
40	25.08.2023	84,48	83,26	84,97	82,67	230350	2,27%
39	28.08.2023	84,42	84,87	85,23	84,11	88350	0,01%
38	29.08.2023	85,49	84,39	85,65	83,8	115360	-1,29%
37	30.08.2023	85,86	85,62	86,23	85,11	86740	-2,61%
36	31.08.2023	86,86	86	86,94	85,74	11270	-3,62%
35	01.09.2023	88,55	86,82	88,99	86,74	380760	-3,38%
34	04.09.2023	89	88,95	89,22	88,26	140670	-1,53%
33	05.09.2023	90,04	88,91	91,15	88,06	428450	1,70%
32	06.09.2023	90,6	90,12	91,1	89,25	282910	2,89%
31	07.09.2023	89,92	90,81	90,89	89,46	213020	-0,19%
30	08.09.2023	90,65	89,79	91,02	89,3	298140	-0,53%
29	11.09.2023	90,64	90,83	91,45	90,11	303420	-2,00%
28	12.09.2023	92,06	90,62	92,4	90,52	336570	-0,08%
27	13.09.2023	91,88	92,04	92,84	91,63	302750	-3,34%
26	14.09.2023	93,7	92,04	94,21	92,02	310000	1,04%
25	15.09.2023	93,93	94,02	94,63	92,67	316900	-0,19%
24	18.09.2023	94,43	94,28	94,95	93,79	337780	-2,41%
23	19.09.2023	94,34	94,66	95,96	94,16	403400	-3,32%
22	20.09.2023	93,53	94,49	94,72	92,76	330590	-1,07%
21	21.09.2023	93,3	93,08	94,6	92,2	314690	0,77%
20	22.09.2023	93,27	93,37	94,64	92,8	240040	-2,97%
19	25.09.2023	93,29	93,75	94,25	92,54	177620	2,48%
18	26.09.2023	93,96	93,28	94,21	91,8	169450	1,10%
17	27.09.2023	96,55	94,12	97,06	94,1	146720	-2,84%
16	28.09.2023	95,38	96,74	97,69	94,76	91450	-2,61%
15	29.09.2023	95,31	95,07	96,26	94,9	12840	-0,66%
14	02.10.2023	90,71	92,18	93,33	90,35	423480	4,12%
13	03.10.2023	90,92	90,4	91,56	89,5	437640	-1,55%
12	04.10.2023	85,81	91,04	91,21	85,75	525560	1,60%
11	05.10.2023	84,07	85,88	86,52	83,84	510680	-0,19%
10	06.10.2023	84,58	84,49	84,95	83,44	424460	-0,98%
9	09.10.2023	88,15	86,45	89	86	412760	-1,23%
8	10.10.2023	87,65	88,17	88,49	86,91	352110	1,33%
7	11.10.2023	85,82	87,72	88,26	85,21	402310	4,31%
6	12.10.2023	86	85,53	87,64	85,18	370440	0,58%
5	13.10.2023	90,89	86,35	91	86,28	424710	-0,14%
4	16.10.2023	89,65	90,98	91,39	89,5	283250	0,98%
3	17.10.2023	89,9	89,91	91	88,88	252830	-0,12%
2	18.10.2023	91,5	91,25	93	90,6	348190	2,21%
1	19.10.2023	92,38	91,35	93,48	89,57	309000	-1,75%
